{
	"version": 1,
	"changelists": [
		{
			"guid": "00000000000000000000000000000000",
			"description": "Default Uncontrolled Changelist",
			"files": [
				"C:/Unreal/TeamPJ/Content/Maps/TeamPJMap.umap",
				"C:/Unreal/TeamPJ/Content/PNG/environment/layers/tileset_TileMap.uasset",
				"C:/Unreal/TeamPJ/Content/PNG/sprites/player/idle/PB_player-idle.uasset",
				"C:/Unreal/TeamPJ/Content/BP/BP_.uasset",
				"C:/Unreal/TeamPJ/Content/BP/NewBlueprint.uasset",
				"C:/Unreal/TeamPJ/Content/BP/BP_sprite.uasset",
				"C:/Unreal/TeamPJ/Content/PNG/environment/layers/tileset_TileSet.uasset",
				"C:/Unreal/TeamPJ/Content/PNG/environment/layers/props_TileSet.uasset",
				"C:/Unreal/TeamPJ/Content/PNG/sprites/frog/idle/PB_frog-idle.uasset",
				"C:/Unreal/TeamPJ/Content/PNG/sprites/eagle/PB_eagle-attack.uasset",
				"C:/Unreal/TeamPJ/Content/BP/BP_Player.uasset",
				"C:/Unreal/TeamPJ/Content/Maps/Jungle_Asset_Pack/Chacter_with_outline/sprites/jump_outline.uasset",
				"C:/Unreal/TeamPJ/Content/Maps/Jungle_Asset_Pack/Chacter_with_outline/sprites/landing_outline.uasset",
				"C:/Unreal/TeamPJ/Content/Maps/Jungle_Asset_Pack/Character/sprites/jump.uasset",
				"C:/Unreal/TeamPJ/Content/Maps/Jungle_Asset_Pack/Character/sprites/landing.uasset",
				"C:/Unreal/TeamPJ/Content/Maps/Jungle_Asset_Pack/jungle_tileset/jungle_tileset.uasset",
				"C:/Unreal/TeamPJ/Content/Maps/Jungle_Asset_Pack/mockup.uasset",
				"C:/Unreal/TeamPJ/Content/Maps/Jungle_Asset_Pack/parallax_background/plx-1.uasset",
				"C:/Unreal/TeamPJ/Content/Maps/Jungle_Asset_Pack/parallax_background/plx-3.uasset",
				"C:/Unreal/TeamPJ/Content/Maps/Jungle_Asset_Pack/parallax_background/plx-2.uasset",
				"C:/Unreal/TeamPJ/Content/Maps/Jungle_Asset_Pack/parallax_background/plx-4.uasset",
				"C:/Unreal/TeamPJ/Content/Maps/Jungle_Asset_Pack/parallax_background/plx-5.uasset",
				"C:/Unreal/TeamPJ/Content/PNG/environment/environment-preview.uasset",
				"C:/Unreal/TeamPJ/Content/PNG/environment/layers/back.uasset",
				"C:/Unreal/TeamPJ/Content/PNG/environment/layers/middle.uasset",
				"C:/Unreal/TeamPJ/Content/PNG/environment/layers/props.uasset",
				"C:/Unreal/TeamPJ/Content/PNG/environment/layers/tileset.uasset",
				"C:/Unreal/TeamPJ/Content/PNG/environment/props/big-crate.uasset",
				"C:/Unreal/TeamPJ/Content/PNG/environment/props/block-big.uasset",
				"C:/Unreal/TeamPJ/Content/PNG/environment/props/block.uasset",
				"C:/Unreal/TeamPJ/Content/PNG/environment/props/bush.uasset",
				"C:/Unreal/TeamPJ/Content/PNG/environment/props/crank-up.uasset",
				"C:/Unreal/TeamPJ/Content/PNG/environment/props/crate.uasset",
				"C:/Unreal/TeamPJ/Content/PNG/environment/props/crank-down.uasset",
				"C:/Unreal/TeamPJ/Content/PNG/environment/props/door-opened.uasset",
				"C:/Unreal/TeamPJ/Content/PNG/environment/props/door.uasset",
				"C:/Unreal/TeamPJ/Content/PNG/environment/props/face-block.uasset",
				"C:/Unreal/TeamPJ/Content/PNG/environment/props/house.uasset",
				"C:/Unreal/TeamPJ/Content/PNG/environment/props/shrooms.uasset",
				"C:/Unreal/TeamPJ/Content/PNG/environment/props/platform-long.uasset",
				"C:/Unreal/TeamPJ/Content/PNG/environment/props/skulls.uasset",
				"C:/Unreal/TeamPJ/Content/PNG/environment/props/rock.uasset",
				"C:/Unreal/TeamPJ/Content/PNG/environment/props/sign.uasset",
				"C:/Unreal/TeamPJ/Content/PNG/environment/props/small-platform.uasset",
				"C:/Unreal/TeamPJ/Content/PNG/environment/props/spike-skull.uasset",
				"C:/Unreal/TeamPJ/Content/PNG/environment/props/spikes-top.uasset",
				"C:/Unreal/TeamPJ/Content/PNG/environment/props/tree.uasset",
				"C:/Unreal/TeamPJ/Content/PNG/environment/props/spikes.uasset",
				"C:/Unreal/TeamPJ/Content/PNG/sprites/cherry/cherry-2.uasset",
				"C:/Unreal/TeamPJ/Content/PNG/sprites/cherry/cherry-1.uasset",
				"C:/Unreal/TeamPJ/Content/PNG/sprites/cherry/cherry-3.uasset",
				"C:/Unreal/TeamPJ/Content/PNG/sprites/cherry/cherry-4.uasset",
				"C:/Unreal/TeamPJ/Content/PNG/sprites/cherry/cherry-6.uasset",
				"C:/Unreal/TeamPJ/Content/PNG/sprites/cherry/cherry-5.uasset",
				"C:/Unreal/TeamPJ/Content/PNG/sprites/eagle/eagle-attack-1.uasset",
				"C:/Unreal/TeamPJ/Content/PNG/sprites/eagle/eagle-attack-2.uasset",
				"C:/Unreal/TeamPJ/Content/PNG/sprites/cherry/cherry-7.uasset",
				"C:/Unreal/TeamPJ/Content/PNG/sprites/eagle/eagle-attack-4.uasset",
				"C:/Unreal/TeamPJ/Content/PNG/sprites/eagle/eagle-attack-3.uasset",
				"C:/Unreal/TeamPJ/Content/PNG/sprites/enemy-death/enemy-death-2.uasset",
				"C:/Unreal/TeamPJ/Content/PNG/sprites/enemy-death/enemy-death-1.uasset",
				"C:/Unreal/TeamPJ/Content/PNG/sprites/enemy-death/enemy-death-3.uasset",
				"C:/Unreal/TeamPJ/Content/PNG/sprites/enemy-death/enemy-death-4.uasset",
				"C:/Unreal/TeamPJ/Content/PNG/sprites/enemy-death/enemy-death-5.uasset",
				"C:/Unreal/TeamPJ/Content/PNG/sprites/enemy-death/enemy-death-6.uasset",
				"C:/Unreal/TeamPJ/Content/PNG/sprites/frog/idle/frog-idle-1.uasset",
				"C:/Unreal/TeamPJ/Content/PNG/sprites/frog/idle/frog-idle-4.uasset",
				"C:/Unreal/TeamPJ/Content/PNG/sprites/frog/idle/frog-idle-2.uasset",
				"C:/Unreal/TeamPJ/Content/PNG/sprites/frog/idle/frog-idle-3.uasset",
				"C:/Unreal/TeamPJ/Content/PNG/sprites/frog/jump/frog-jump-1.uasset",
				"C:/Unreal/TeamPJ/Content/PNG/sprites/frog/jump/frog-jump-2.uasset",
				"C:/Unreal/TeamPJ/Content/PNG/sprites/gem/gem-1.uasset",
				"C:/Unreal/TeamPJ/Content/PNG/sprites/gem/gem-2.uasset",
				"C:/Unreal/TeamPJ/Content/PNG/sprites/gem/gem-3.uasset",
				"C:/Unreal/TeamPJ/Content/PNG/sprites/gem/gem-5.uasset",
				"C:/Unreal/TeamPJ/Content/PNG/sprites/item-feedback/item-feedback-1.uasset",
				"C:/Unreal/TeamPJ/Content/PNG/sprites/gem/gem-4.uasset",
				"C:/Unreal/TeamPJ/Content/PNG/sprites/item-feedback/item-feedback-2.uasset",
				"C:/Unreal/TeamPJ/Content/PNG/sprites/item-feedback/item-feedback-3.uasset",
				"C:/Unreal/TeamPJ/Content/PNG/sprites/item-feedback/item-feedback-4.uasset",
				"C:/Unreal/TeamPJ/Content/PNG/sprites/opossum/opossum-1.uasset",
				"C:/Unreal/TeamPJ/Content/PNG/sprites/opossum/opossum-4.uasset",
				"C:/Unreal/TeamPJ/Content/PNG/sprites/opossum/opossum-2.uasset",
				"C:/Unreal/TeamPJ/Content/PNG/sprites/opossum/opossum-3.uasset",
				"C:/Unreal/TeamPJ/Content/PNG/sprites/opossum/opossum-5.uasset",
				"C:/Unreal/TeamPJ/Content/PNG/sprites/opossum/opossum-6.uasset",
				"C:/Unreal/TeamPJ/Content/PNG/sprites/player/climb/player-climb-2.uasset",
				"C:/Unreal/TeamPJ/Content/PNG/sprites/player/climb/player-climb-1.uasset",
				"C:/Unreal/TeamPJ/Content/PNG/sprites/player/crouch/player-crouch-1.uasset",
				"C:/Unreal/TeamPJ/Content/PNG/sprites/player/climb/player-climb-3.uasset",
				"C:/Unreal/TeamPJ/Content/PNG/sprites/player/hurt/player-hurt-1.uasset",
				"C:/Unreal/TeamPJ/Content/PNG/sprites/player/crouch/player-crouch-2.uasset",
				"C:/Unreal/TeamPJ/Content/PNG/sprites/player/hurt/player-hurt-2.uasset",
				"C:/Unreal/TeamPJ/Content/PNG/sprites/player/idle/player-idle-1.uasset",
				"C:/Unreal/TeamPJ/Content/PNG/sprites/player/idle/player-idle-2.uasset",
				"C:/Unreal/TeamPJ/Content/PNG/sprites/player/idle/player-idle-3.uasset",
				"C:/Unreal/TeamPJ/Content/PNG/sprites/player/jump/player-jump-1.uasset",
				"C:/Unreal/TeamPJ/Content/PNG/sprites/player/idle/player-idle-4.uasset",
				"C:/Unreal/TeamPJ/Content/PNG/sprites/player/jump/player-jump-2.uasset",
				"C:/Unreal/TeamPJ/Content/PNG/sprites/player/run/player-run-1.uasset",
				"C:/Unreal/TeamPJ/Content/PNG/sprites/player/run/player-run-2.uasset",
				"C:/Unreal/TeamPJ/Content/PNG/sprites/player/run/player-run-3.uasset",
				"C:/Unreal/TeamPJ/Content/PNG/sprites/player/run/player-run-5.uasset",
				"C:/Unreal/TeamPJ/Content/PNG/sprites/player/run/player-run-4.uasset",
				"C:/Unreal/TeamPJ/Content/PNG/spritesheets/cherry.uasset",
				"C:/Unreal/TeamPJ/Content/PNG/sprites/player/run/player-run-6.uasset",
				"C:/Unreal/TeamPJ/Content/PNG/spritesheets/eagle-attack.uasset",
				"C:/Unreal/TeamPJ/Content/PNG/spritesheets/enemy-deadth.uasset",
				"C:/Unreal/TeamPJ/Content/PNG/spritesheets/frog-idle.uasset",
				"C:/Unreal/TeamPJ/Content/PNG/spritesheets/gem.uasset",
				"C:/Unreal/TeamPJ/Content/PNG/spritesheets/frog-jump.uasset",
				"C:/Unreal/TeamPJ/Content/PNG/spritesheets/oposum.uasset",
				"C:/Unreal/TeamPJ/Content/PNG/spritesheets/payer-run.uasset",
				"C:/Unreal/TeamPJ/Content/PNG/spritesheets/player-climb.uasset",
				"C:/Unreal/TeamPJ/Content/PNG/spritesheets/player-crouch.uasset",
				"C:/Unreal/TeamPJ/Content/PNG/spritesheets/player-idle.uasset",
				"C:/Unreal/TeamPJ/Content/PNG/spritesheets/player-jump.uasset",
				"C:/Unreal/TeamPJ/Content/PNG/spritesheets/player-hurt.uasset",
				"C:/Unreal/TeamPJ/Content/PNG/environment/layers/back_Sprite.uasset",
				"C:/Unreal/TeamPJ/Content/PNG/sprites/player/idle/player-idle-1_Sprite.uasset",
				"C:/Unreal/TeamPJ/Content/PNG/sprites/player/idle/player-idle-2_Sprite.uasset",
				"C:/Unreal/TeamPJ/Content/PNG/sprites/player/idle/player-idle-3_Sprite.uasset",
				"C:/Unreal/TeamPJ/Content/PNG/sprites/player/idle/player-idle-4_Sprite.uasset",
				"C:/Unreal/TeamPJ/Content/PNG/sprites/player/run/player-run-1_Sprite.uasset",
				"C:/Unreal/TeamPJ/Content/PNG/sprites/player/run/player-run-2_Sprite.uasset",
				"C:/Unreal/TeamPJ/Content/PNG/sprites/player/run/player-run-3_Sprite.uasset",
				"C:/Unreal/TeamPJ/Content/PNG/sprites/player/run/player-run-4_Sprite.uasset",
				"C:/Unreal/TeamPJ/Content/PNG/sprites/player/run/player-run-5_Sprite.uasset",
				"C:/Unreal/TeamPJ/Content/PNG/sprites/player/run/player-run-6_Sprite.uasset",
				"C:/Unreal/TeamPJ/Content/PNG/sprites/player/run/PB_player-run.uasset",
				"C:/Unreal/TeamPJ/Content/PNG/sprites/player/jump/player-jump-2_Sprite.uasset",
				"C:/Unreal/TeamPJ/Content/PNG/sprites/player/jump/BP_player-jump.uasset",
				"C:/Unreal/TeamPJ/Content/BP/GM.uasset",
				"C:/Unreal/TeamPJ/Content/PNG/environment/layers/middle_Sprite.uasset",
				"C:/Unreal/TeamPJ/Content/PNG/environment/environment-preview_Sprite.uasset",
				"C:/Unreal/TeamPJ/Content/PNG/sprites/opossum/opossum-1_Sprite.uasset",
				"C:/Unreal/TeamPJ/Content/PNG/sprites/opossum/opossum-2_Sprite.uasset",
				"C:/Unreal/TeamPJ/Content/PNG/sprites/opossum/opossum-3_Sprite.uasset",
				"C:/Unreal/TeamPJ/Content/PNG/sprites/opossum/opossum-4_Sprite.uasset",
				"C:/Unreal/TeamPJ/Content/PNG/sprites/opossum/opossum-5_Sprite.uasset",
				"C:/Unreal/TeamPJ/Content/PNG/sprites/opossum/opossum-6_Sprite.uasset",
				"C:/Unreal/TeamPJ/Content/PNG/sprites/opossum/PB_opossum.uasset",
				"C:/Unreal/TeamPJ/Content/PNG/sprites/gem/gem-1_Sprite.uasset",
				"C:/Unreal/TeamPJ/Content/PNG/sprites/gem/gem-2_Sprite.uasset",
				"C:/Unreal/TeamPJ/Content/PNG/sprites/gem/gem-3_Sprite.uasset",
				"C:/Unreal/TeamPJ/Content/PNG/sprites/gem/gem-4_Sprite.uasset",
				"C:/Unreal/TeamPJ/Content/PNG/sprites/gem/gem-5_Sprite.uasset",
				"C:/Unreal/TeamPJ/Content/PNG/sprites/gem/PB_gem.uasset",
				"C:/Unreal/TeamPJ/Content/PNG/sprites/frog/idle/frog-idle-1_Sprite.uasset",
				"C:/Unreal/TeamPJ/Content/PNG/sprites/frog/idle/frog-idle-2_Sprite.uasset",
				"C:/Unreal/TeamPJ/Content/PNG/sprites/frog/idle/frog-idle-3_Sprite.uasset",
				"C:/Unreal/TeamPJ/Content/PNG/sprites/frog/idle/frog-idle-4_Sprite.uasset",
				"C:/Unreal/TeamPJ/Content/PNG/sprites/eagle/eagle-attack-1_Sprite.uasset",
				"C:/Unreal/TeamPJ/Content/PNG/sprites/eagle/eagle-attack-2_Sprite.uasset",
				"C:/Unreal/TeamPJ/Content/PNG/sprites/eagle/eagle-attack-3_Sprite.uasset",
				"C:/Unreal/TeamPJ/Content/PNG/sprites/eagle/eagle-attack-4_Sprite.uasset",
				"C:/Unreal/TeamPJ/Content/PNG/sprites/cherry/cherry-1_Sprite.uasset",
				"C:/Unreal/TeamPJ/Content/PNG/sprites/cherry/cherry-2_Sprite.uasset",
				"C:/Unreal/TeamPJ/Content/PNG/sprites/cherry/cherry-3_Sprite.uasset",
				"C:/Unreal/TeamPJ/Content/PNG/sprites/cherry/cherry-4_Sprite.uasset",
				"C:/Unreal/TeamPJ/Content/PNG/sprites/cherry/cherry-5_Sprite.uasset",
				"C:/Unreal/TeamPJ/Content/PNG/sprites/cherry/cherry-6_Sprite.uasset",
				"C:/Unreal/TeamPJ/Content/PNG/sprites/cherry/cherry-7_Sprite.uasset",
				"C:/Unreal/TeamPJ/Content/PNG/sprites/cherry/FP_cherry.uasset"
			]
		}
	]
}